expectedPath,relPath,filename,exists,fullPath,referencedBy
"/images/blog/a-beginners-guide-to-xtream-codes-what-they-are-and-how-to-use-them.jpg","images/blog/a-beginners-guide-to-xtream-codes-what-they-are-and-how-to-use-them.jpg","a-beginners-guide-to-xtream-codes-what-they-are-and-how-to-use-them.jpg",true,"C:\Users\hp\Downloads\streamverse-iptv\public\images\blog\a-beginners-guide-to-xtream-codes-what-they-are-and-how-to-use-them.jpg","content\posts\a-beginners-guide-to-xtream-codes-what-they-are-and-how-to-use-them.mdx"
"/images/blog/a-travelers-guide-how-to-watch-your-home-tv-channels-from-anywhere.jpg","images/blog/a-travelers-guide-how-to-watch-your-home-tv-channels-from-anywhere.jpg","a-travelers-guide-how-to-watch-your-home-tv-channels-from-anywhere.jpg",true,"C:\Users\hp\Downloads\streamverse-iptv\public\images\blog\a-travelers-guide-how-to-watch-your-home-tv-channels-from-anywhere.jpg","content\posts\a-travelers-guide-how-to-watch-your-home-tv-channels-from-anywhere.mdx"
"/images/blog/amazon-firestick-vs-android-tv-box-whats-the-best-for-iptv.jpg","images/blog/amazon-firestick-vs-android-tv-box-whats-the-best-for-iptv.jpg","amazon-firestick-vs-android-tv-box-whats-the-best-for-iptv.jpg",true,"C:\Users\hp\Downloads\streamverse-iptv\public\images\blog\amazon-firestick-vs-android-tv-box-whats-the-best-for-iptv.jpg","content\posts\amazon-firestick-vs-android-tv-box-whats-the-best-for-iptv.mdx"
"/images/blog/how-to-set-up-iptv-on-an-lg-smart-tv.jpg","images/blog/how-to-set-up-iptv-on-an-lg-smart-tv.jpg","how-to-set-up-iptv-on-an-lg-smart-tv.jpg",true,"C:\Users\hp\Downloads\streamverse-iptv\public\images\blog\how-to-set-up-iptv-on-an-lg-smart-tv.jpg","content\posts\can-i-get-my-regional-sports-network-rsn-on-iptv.mdx;content\posts\how-to-set-up-iptv-on-an-lg-smart-tv-smart-iptv-app.mdx;content\posts\how-to-set-up-iptv-on-an-lg-smart-tv.mdx"
"/images/blog/can-i-watch-iptv-in-a-hotel-or-while-traveling.jpg","images/blog/can-i-watch-iptv-in-a-hotel-or-while-traveling.jpg","can-i-watch-iptv-in-a-hotel-or-while-traveling.jpg",true,"C:\Users\hp\Downloads\streamverse-iptv\public\images\blog\can-i-watch-iptv-in-a-hotel-or-while-traveling.jpg","content\posts\can-i-watch-iptv-in-a-hotel-or-while-traveling.mdx"
"/images/blog/can-i-watch-iptv-on-an-iphone-or-ipad-yes-heres-how.jpg","images/blog/can-i-watch-iptv-on-an-iphone-or-ipad-yes-heres-how.jpg","can-i-watch-iptv-on-an-iphone-or-ipad-yes-heres-how.jpg",true,"C:\Users\hp\Downloads\streamverse-iptv\public\images\blog\can-i-watch-iptv-on-an-iphone-or-ipad-yes-heres-how.jpg","content\posts\can-i-watch-iptv-on-an-iphone-or-ipad-yes-heres-how.mdx"
"/images/blog/case-study-how-one-family-cut-their-cable-bill-by-150-a-month.jpg","images/blog/case-study-how-one-family-cut-their-cable-bill-by-150-a-month.jpg","case-study-how-one-family-cut-their-cable-bill-by-150-a-month.jpg",true,"C:\Users\hp\Downloads\streamverse-iptv\public\images\blog\case-study-how-one-family-cut-their-cable-bill-by-150-a-month.jpg","content\posts\case-study-how-one-family-cut-their-cable-bill-by-150-a-month.mdx"
"/images/blog/channels-not-loading-how-to-fix-this-common-iptv-error.jpg","images/blog/channels-not-loading-how-to-fix-this-common-iptv-error.jpg","channels-not-loading-how-to-fix-this-common-iptv-error.jpg",true,"C:\Users\hp\Downloads\streamverse-iptv\public\images\blog\channels-not-loading-how-to-fix-this-common-iptv-error.jpg","content\posts\channels-not-loading-how-to-fix-this-common-iptv-error.mdx"
"/images/blog/do-i-need-a-separate-box-for-each-tv-in-my-house.jpg","images/blog/do-i-need-a-separate-box-for-each-tv-in-my-house.jpg","do-i-need-a-separate-box-for-each-tv-in-my-house.jpg",true,"C:\Users\hp\Downloads\streamverse-iptv\public\images\blog\do-i-need-a-separate-box-for-each-tv-in-my-house.jpg","content\posts\do-i-need-a-separate-box-for-each-tv-in-my-house.mdx"
"/images/blog/how-sports-fans-use-iptv-to-watch-every-game-from-every-league.jpg","images/blog/how-sports-fans-use-iptv-to-watch-every-game-from-every-league.jpg","how-sports-fans-use-iptv-to-watch-every-game-from-every-league.jpg",true,"C:\Users\hp\Downloads\streamverse-iptv\public\images\blog\how-sports-fans-use-iptv-to-watch-every-game-from-every-league.jpg","content\posts\how-sports-fans-use-iptv-to-watch-every-game-from-every-league.mdx"
"/images/blog/how-to-check-your-internet-speed-for-iptv-and-what-it-means.jpg","images/blog/how-to-check-your-internet-speed-for-iptv-and-what-it-means.jpg","how-to-check-your-internet-speed-for-iptv-and-what-it-means.jpg",true,"C:\Users\hp\Downloads\streamverse-iptv\public\images\blog\how-to-check-your-internet-speed-for-iptv-and-what-it-means.jpg","content\posts\how-to-check-your-internet-speed-for-iptv-and-what-it-means.mdx"
"/images/blog/how-to-clear-the-cache-on-your-firestick-to-improve-speed.jpg","images/blog/how-to-clear-the-cache-on-your-firestick-to-improve-speed.jpg","how-to-clear-the-cache-on-your-firestick-to-improve-speed.jpg",true,"C:\Users\hp\Downloads\streamverse-iptv\public\images\blog\how-to-clear-the-cache-on-your-firestick-to-improve-speed.jpg","content\posts\how-to-clear-the-cache-on-your-firestick-to-improve-speed.mdx"
"/images/blog/how-to-create-and-manage-a-favorites-list-in-your-tv-guide.jpg","images/blog/how-to-create-and-manage-a-favorites-list-in-your-tv-guide.jpg","how-to-create-and-manage-a-favorites-list-in-your-tv-guide.jpg",true,"C:\Users\hp\Downloads\streamverse-iptv\public\images\blog\how-to-create-and-manage-a-favorites-list-in-your-tv-guide.jpg","content\posts\how-to-create-and-manage-a-favorites-list-in-your-tv-guide.mdx"
"/images/blog/how-to-fix-a-no-epg-data-or-tv-guide-empty-error.jpg","images/blog/how-to-fix-a-no-epg-data-or-tv-guide-empty-error.jpg","how-to-fix-a-no-epg-data-or-tv-guide-empty-error.jpg",true,"C:\Users\hp\Downloads\streamverse-iptv\public\images\blog\how-to-fix-a-no-epg-data-or-tv-guide-empty-error.jpg","content\posts\how-to-fix-a-no-epg-data-or-tv-guide-empty-error.mdx"
"/images/blog/how-to-fix-common-iptv-buffering-and-freezing-10-easy-steps.jpg","images/blog/how-to-fix-common-iptv-buffering-and-freezing-10-easy-steps.jpg","how-to-fix-common-iptv-buffering-and-freezing-10-easy-steps.jpg",true,"C:\Users\hp\Downloads\streamverse-iptv\public\images\blog\how-to-fix-common-iptv-buffering-and-freezing-10-easy-steps.jpg","content\posts\how-to-fix-common-iptv-buffering-and-freezing-10-easy-steps.mdx"
"/images/blog/how-to-install-and-configure-iptv-smarters-pro-the-easy-way.jpg","images/blog/how-to-install-and-configure-iptv-smarters-pro-the-easy-way.jpg","how-to-install-and-configure-iptv-smarters-pro-the-easy-way.jpg",true,"C:\Users\hp\Downloads\streamverse-iptv\public\images\blog\how-to-install-and-configure-iptv-smarters-pro-the-easy-way.jpg","content\posts\how-to-install-and-configure-iptv-smarters-pro-the-easy-way.mdx"
"/images/blog/how-to-install-and-configure-the-tivimate-iptv-player.jpg","images/blog/how-to-install-and-configure-the-tivimate-iptv-player.jpg","how-to-install-and-configure-the-tivimate-iptv-player.jpg",true,"C:\Users\hp\Downloads\streamverse-iptv\public\images\blog\how-to-install-and-configure-the-tivimate-iptv-player.jpg","content\posts\how-to-install-and-configure-the-tivimate-iptv-player.mdx"
"/images/blog/how-to-pay-for-iptv-safely-and-securely.jpg","images/blog/how-to-pay-for-iptv-safely-and-securely.jpg","how-to-pay-for-iptv-safely-and-securely.jpg",true,"C:\Users\hp\Downloads\streamverse-iptv\public\images\blog\how-to-pay-for-iptv-safely-and-securely.jpg","content\posts\how-to-pay-for-iptv-safely-and-securely.mdx"
"/images/blog/how-to-record-your-favorite-shows-on-iptv-dvr-setup.jpg","images/blog/how-to-record-your-favorite-shows-on-iptv-dvr-setup.jpg","how-to-record-your-favorite-shows-on-iptv-dvr-setup.jpg",true,"C:\Users\hp\Downloads\streamverse-iptv\public\images\blog\how-to-record-your-favorite-shows-on-iptv-dvr-setup.jpg","content\posts\how-to-record-your-favorite-shows-on-iptv-dvr-setup.mdx"
"/images/blog/how-to-set-up-iptv-on-a-samsung-smart-tv-smart-iptv-app.jpg","images/blog/how-to-set-up-iptv-on-a-samsung-smart-tv-smart-iptv-app.jpg","how-to-set-up-iptv-on-a-samsung-smart-tv-smart-iptv-app.jpg",true,"C:\Users\hp\Downloads\streamverse-iptv\public\images\blog\how-to-set-up-iptv-on-a-samsung-smart-tv-smart-iptv-app.jpg","content\posts\how-to-set-up-iptv-on-a-samsung-smart-tv-smart-iptv-app.mdx"
"/images/blog/how-to-set-up-iptv-on-an-apple-tv-4k.jpg","images/blog/how-to-set-up-iptv-on-an-apple-tv-4k.jpg","how-to-set-up-iptv-on-an-apple-tv-4k.jpg",true,"C:\Users\hp\Downloads\streamverse-iptv\public\images\blog\how-to-set-up-iptv-on-an-apple-tv-4k.jpg","content\posts\how-to-set-up-iptv-on-an-apple-tv-4k.mdx"
"/images/blog/how-to-set-up-iptv-on-any-android-tv-box-step-by-step.jpg","images/blog/how-to-set-up-iptv-on-any-android-tv-box-step-by-step.jpg","how-to-set-up-iptv-on-any-android-tv-box-step-by-step.jpg",true,"C:\Users\hp\Downloads\streamverse-iptv\public\images\blog\how-to-set-up-iptv-on-any-android-tv-box-step-by-step.jpg","content\posts\how-to-set-up-iptv-on-any-android-tv-box-step-by-step.mdx;content\posts\the-5-best-android-tv-boxes-for-iptv-budget-and-premium.mdx"
"/images/blog/how-to-use-parental-controls-on-your-iptv-player.jpg","images/blog/how-to-use-parental-controls-on-your-iptv-player.jpg","how-to-use-parental-controls-on-your-iptv-player.jpg",true,"C:\Users\hp\Downloads\streamverse-iptv\public\images\blog\how-to-use-parental-controls-on-your-iptv-player.jpg","content\posts\how-to-use-parental-controls-on-your-iptv-player.mdx"
"/images/blog/how-to-use-the-catch-up-replay-feature-on-your-iptv-service.jpg","images/blog/how-to-use-the-catch-up-replay-feature-on-your-iptv-service.jpg","how-to-use-the-catch-up-replay-feature-on-your-iptv-service.jpg",true,"C:\Users\hp\Downloads\streamverse-iptv\public\images\blog\how-to-use-the-catch-up-replay-feature-on-your-iptv-service.jpg","content\posts\how-to-use-the-catch-up-replay-feature-on-your-iptv-service.mdx"
"/images/blog/how-to-watch-every-nba-game-with-your-iptv-service.jpg","images/blog/how-to-watch-every-nba-game-with-your-iptv-service.jpg","how-to-watch-every-nba-game-with-your-iptv-service.jpg",true,"C:\Users\hp\Downloads\streamverse-iptv\public\images\blog\how-to-watch-every-nba-game-with-your-iptv-service.jpg","content\posts\how-to-watch-every-nba-game-with-your-iptv-service.mdx"
"/images/blog/how-to-watch-iptv-on-a-windows-pc-or-mac-vlc-player-guide.jpg","images/blog/how-to-watch-iptv-on-a-windows-pc-or-mac-vlc-player-guide.jpg","how-to-watch-iptv-on-a-windows-pc-or-mac-vlc-player-guide.jpg",true,"C:\Users\hp\Downloads\streamverse-iptv\public\images\blog\how-to-watch-iptv-on-a-windows-pc-or-mac-vlc-player-guide.jpg","content\posts\how-to-watch-iptv-on-a-windows-pc-or-mac-vlc-player-guide.mdx"
"/images/blog/how-to-watch-local-news-and-weather-channels-on-iptv.jpg","images/blog/how-to-watch-local-news-and-weather-channels-on-iptv.jpg","how-to-watch-local-news-and-weather-channels-on-iptv.jpg",true,"C:\Users\hp\Downloads\streamverse-iptv\public\images\blog\how-to-watch-local-news-and-weather-channels-on-iptv.jpg","content\posts\how-to-watch-local-news-and-weather-channels-on-iptv.mdx"
"/images/blog/how-to-watch-ppv-events-ufc-boxing-on-iptv.jpg","images/blog/how-to-watch-ppv-events-ufc-boxing-on-iptv.jpg","how-to-watch-ppv-events-ufc-boxing-on-iptv.jpg",true,"C:\Users\hp\Downloads\streamverse-iptv\public\images\blog\how-to-watch-ppv-events-ufc-boxing-on-iptv.jpg","content\posts\how-to-watch-ppv-events-ufc-boxing-on-iptv.mdx"
"/images/blog/how-to-watch-the-nfl-season-on-iptv-no-blackouts.jpg","images/blog/how-to-watch-the-nfl-season-on-iptv-no-blackouts.jpg","how-to-watch-the-nfl-season-on-iptv-no-blackouts.jpg",true,"C:\Users\hp\Downloads\streamverse-iptv\public\images\blog\how-to-watch-the-nfl-season-on-iptv-no-blackouts.jpg","content\posts\how-to-watch-the-nfl-season-on-iptv-no-blackouts.mdx"
"/images/blog/iptv-vs-cable-tv-in-2025-a-full-cost-and-feature-comparison.jpg","images/blog/iptv-vs-cable-tv-in-2025-a-full-cost-and-feature-comparison.jpg","iptv-vs-cable-tv-in-2025-a-full-cost-and-feature-comparison.jpg",true,"C:\Users\hp\Downloads\streamverse-iptv\public\images\blog\iptv-vs-cable-tv-in-2025-a-full-cost-and-feature-comparison.jpg","content\posts\iptv-vs-cable-tv-in-2025-a-full-cost-and-feature-comparison.mdx"
"/images/blog/iptv-vs-satellite-tv-which-is-better-for-reliability-and-content.jpg","images/blog/iptv-vs-satellite-tv-which-is-better-for-reliability-and-content.jpg","iptv-vs-satellite-tv-which-is-better-for-reliability-and-content.jpg",true,"C:\Users\hp\Downloads\streamverse-iptv\public\images\blog\iptv-vs-satellite-tv-which-is-better-for-reliability-and-content.jpg","content\posts\iptv-vs-satellite-tv-which-is-better-for-reliability-and-content.mdx"
"/images/blog/is-iptv-legal-in-the-usa-and-canada-a-2025-guide.jpg","images/blog/is-iptv-legal-in-the-usa-and-canada-a-2025-guide.jpg","is-iptv-legal-in-the-usa-and-canada-a-2025-guide.jpg",true,"C:\Users\hp\Downloads\streamverse-iptv\public\images\blog\is-iptv-legal-in-the-usa-and-canada-a-2025-guide.jpg","content\posts\is-iptv-legal-in-the-usa-and-canada-a-2025-guide.mdx"
"/images/blog/m3u-link-vs-xtream-codes-whats-the-difference.jpg","images/blog/m3u-link-vs-xtream-codes-whats-the-difference.jpg","m3u-link-vs-xtream-codes-whats-the-difference.jpg",true,"C:\Users\hp\Downloads\streamverse-iptv\public\images\blog\m3u-link-vs-xtream-codes-whats-the-difference.jpg","content\posts\m3u-link-vs-xtream-codes-whats-the-difference.mdx"
"/images/blog/never-miss-a-race-how-to-watch-f1-on-iptv.jpg","images/blog/never-miss-a-race-how-to-watch-f1-on-iptv.jpg","never-miss-a-race-how-to-watch-f1-on-iptv.jpg",true,"C:\Users\hp\Downloads\streamverse-iptv\public\images\blog\never-miss-a-race-how-to-watch-f1-on-iptv.jpg","content\posts\never-miss-a-race-how-to-watch-f1-on-iptv.mdx"
"/images/blog/streamversetv-vs-your-top-competitor-an-honest-comparison.jpg","images/blog/streamversetv-vs-your-top-competitor-an-honest-comparison.jpg","streamversetv-vs-your-top-competitor-an-honest-comparison.jpg",true,"C:\Users\hp\Downloads\streamverse-iptv\public\images\blog\streamversetv-vs-your-top-competitor-an-honest-comparison.jpg","content\posts\streamversetv-vs-your-top-competitor-an-honest-comparison.mdx"
"/images/blog/the-3-best-iptv-player-apps-for-amazon-firestick.jpg","images/blog/the-3-best-iptv-player-apps-for-amazon-firestick.jpg","the-3-best-iptv-player-apps-for-amazon-firestick.jpg",true,"C:\Users\hp\Downloads\streamverse-iptv\public\images\blog\the-3-best-iptv-player-apps-for-amazon-firestick.jpg","content\posts\the-3-best-iptv-player-apps-for-amazon-firestick.mdx"
"/images/blog/the-5-best-vpns-for-iptv-streaming-in-2025.jpg","images/blog/the-5-best-vpns-for-iptv-streaming-in-2025.jpg","the-5-best-vpns-for-iptv-streaming-in-2025.jpg",true,"C:\Users\hp\Downloads\streamverse-iptv\public\images\blog\the-5-best-vpns-for-iptv-streaming-in-2025.jpg","content\posts\the-5-best-vpns-for-iptv-streaming-in-2025.mdx"
"/images/blog/the-ultimate-2025-guide-to-installing-iptv-on-amazon-firestick.jpg","images/blog/the-ultimate-2025-guide-to-installing-iptv-on-amazon-firestick.jpg","the-ultimate-2025-guide-to-installing-iptv-on-amazon-firestick.jpg",true,"C:\Users\hp\Downloads\streamverse-iptv\public\images\blog\the-ultimate-2025-guide-to-installing-iptv-on-amazon-firestick.jpg","content\posts\the-ultimate-2025-guide-to-installing-iptv-on-amazon-firestick.mdx"
"/images/blog/the-ultimate-guide-to-watching-premier-league-epl-on-iptv.jpg","images/blog/the-ultimate-guide-to-watching-premier-league-epl-on-iptv.jpg","the-ultimate-guide-to-watching-premier-league-epl-on-iptv.jpg",true,"C:\Users\hp\Downloads\streamverse-iptv\public\images\blog\the-ultimate-guide-to-watching-premier-league-epl-on-iptv.jpg","content\posts\the-ultimate-guide-to-watching-premier-league-epl-on-iptv.mdx"
"/images/blog/tivimate-vs-iptv-smarters-pro-which-player-is-right-for-you.jpg","images/blog/tivimate-vs-iptv-smarters-pro-which-player-is-right-for-you.jpg","tivimate-vs-iptv-smarters-pro-which-player-is-right-for-you.jpg",true,"C:\Users\hp\Downloads\streamverse-iptv\public\images\blog\tivimate-vs-iptv-smarters-pro-which-player-is-right-for-you.jpg","content\posts\tivimate-vs-iptv-smarters-pro-which-player-is-right-for-you.mdx"
"/images/blog/top-10-must-have-features-to-look-for-in-an-iptv-service.jpg","images/blog/top-10-must-have-features-to-look-for-in-an-iptv-service.jpg","top-10-must-have-features-to-look-for-in-an-iptv-service.jpg",true,"C:\Users\hp\Downloads\streamverse-iptv\public\images\blog\top-10-must-have-features-to-look-for-in-an-iptv-service.jpg","content\posts\top-10-must-have-features-to-look-for-in-an-iptv-service.mdx"
"/images/blog/what-does-multi-connection-mean-in-an-iptv-plan.jpg","images/blog/what-does-multi-connection-mean-in-an-iptv-plan.jpg","what-does-multi-connection-mean-in-an-iptv-plan.jpg",true,"C:\Users\hp\Downloads\streamverse-iptv\public\images\blog\what-does-multi-connection-mean-in-an-iptv-plan.jpg","content\posts\what-does-multi-connection-mean-in-an-iptv-plan.mdx"
"/images/blog/what-is-an-epg-how-to-use-your-electronic-program-guide.jpg","images/blog/what-is-an-epg-how-to-use-your-electronic-program-guide.jpg","what-is-an-epg-how-to-use-your-electronic-program-guide.jpg",true,"C:\Users\hp\Downloads\streamverse-iptv\public\images\blog\what-is-an-epg-how-to-use-your-electronic-program-guide.jpg","content\posts\what-is-an-epg-how-to-use-your-electronic-program-guide.mdx"
"/images/blog/what-is-catch-up-tv-and-how-does-it-work.jpg","images/blog/what-is-catch-up-tv-and-how-does-it-work.jpg","what-is-catch-up-tv-and-how-does-it-work.jpg",true,"C:\Users\hp\Downloads\streamverse-iptv\public\images\blog\what-is-catch-up-tv-and-how-does-it-work.jpg","content\posts\what-is-catch-up-tv-and-how-does-it-work.mdx"
"/images/blog/what-is-vod-and-how-is-it-different-from-live-tv.jpg","images/blog/what-is-vod-and-how-is-it-different-from-live-tv.jpg","what-is-vod-and-how-is-it-different-from-live-tv.jpg",true,"C:\Users\hp\Downloads\streamverse-iptv\public\images\blog\what-is-vod-and-how-is-it-different-from-live-tv.jpg","content\posts\what-is-vod-and-how-is-it-different-from-live-tv.mdx"
"/images/blog/what-to-do-if-your-iptv-login-fails-username-password-error.jpg","images/blog/what-to-do-if-your-iptv-login-fails-username-password-error.jpg","what-to-do-if-your-iptv-login-fails-username-password-error.jpg",true,"C:\Users\hp\Downloads\streamverse-iptv\public\images\blog\what-to-do-if-your-iptv-login-fails-username-password-error.jpg","content\posts\what-to-do-if-your-iptv-login-fails-username-password-error.mdx"
"/images/blog/why-is-my-audio-out-of-sync-and-how-to-fix-it.jpg","images/blog/why-is-my-audio-out-of-sync-and-how-to-fix-it.jpg","why-is-my-audio-out-of-sync-and-how-to-fix-it.jpg",true,"C:\Users\hp\Downloads\streamverse-iptv\public\images\blog\why-is-my-audio-out-of-sync-and-how-to-fix-it.jpg","content\posts\why-is-my-audio-out-of-sync-and-how-to-fix-it.mdx"
"/images/blog/why-is-my-isp-throttling-my-iptv-speed.jpg","images/blog/why-is-my-isp-throttling-my-iptv-speed.jpg","why-is-my-isp-throttling-my-iptv-speed.jpg",true,"C:\Users\hp\Downloads\streamverse-iptv\public\images\blog\why-is-my-isp-throttling-my-iptv-speed.jpg","content\posts\why-is-my-isp-throttling-my-iptv-speed.mdx"